{
  "providers": [
    {
      "type": "bitmap",
      "file": "minecraft:font/icons/gold.png",
      "ascent": 8,
      "height": 8,
      "chars": [
        ""
      ]
    },
    {
      "type": "bitmap",
      "file": "minecraft:font/icons/town.png",
      "ascent": 8,
      "height": 8,
      "chars": [
        ""
      ]
    },
    {
      "type": "bitmap",
      "file": "minecraft:font/icons/nation.png",
      "ascent": 8,
      "height": 8,
      "chars": [
        ""
      ]
    },
    {
      "type": "bitmap",
      "file": "minecraft:font/icons/rank.png",
      "ascent": 8,
      "height": 8,
      "chars": [
        ""
      ]
    },
    {
      "type": "bitmap",
      "file": "minecraft:font/icons/ping.png",
      "ascent": 8,
      "height": 8,
      "chars": [
        ""
      ]
    },
    {
      "type": "bitmap",
      "file": "minecraft:font/icons/online.png",
      "ascent": 8,
      "height": 8,
      "chars": [
        ""
      ]
    }
  ]
}